Account Name,Account 18 Digit ID,Training Recordings
UFC Gym,0011N00001GuryBQAR,
Texas Roadhouse,0011N00001GurzHQAR,
Epcon Franchising,0011N00001GurzZQAR,
Amerispec Home Inspection Services,0011N00001GurzwQAB,
Caribou Coffee,0011N00001Gus02QAB,https://francon1062.sharepoint.com/:f:/s/franconnectuniversity/EgoP63ngzaVIlm47IFi9ALwB134XJLrrMxTqTmZ1OMsNpQ?e=mzbAH4
Hobbytown,0011N00001Gus04QAB,https://francon1062.sharepoint.com/:f:/s/franconnectuniversity/EpFTs1GmXrtCnFmBk7AFnCEBkURVxa8FwqC32_7debTuQg?e=1QUo4V
"Culver Franchising System, Inc.",0011N00001Gus0OQAR,https://francon1062.sharepoint.com/:f:/s/franconnectuniversity/EhBMFRkMWcFDrTtsLEV4LN8BFGuCHq3kgntQxdNWtj0LAQ?e=K8Hola
European Wax Center,0011N00001Gus0jQAB,https://francon1062.sharepoint.com/:f:/s/franconnectuniversity/EuwEwFyuBAtAs0eiuAlOs0wBeYbpS7_bnGD08zKPbDsAJQ?e=mV1c9u
Fastsigns,0011N00001Gus0pQAB,
Furniture Medic,0011N00001Gus0uQAB,
Keller Williams Realtors,0011N00001Gus1CQAR,https://francon1062.sharepoint.com/:f:/s/franconnectuniversity/Et5X_ti-pkJHhboowdr_osUBmMXRIva1VXD3PpQL_ZO-Kw?e=N7Jyrq
KOA / Kampgrounds of America,0011N00001Gus1EQAR,https://francon1062.sharepoint.com/:f:/s/franconnectuniversity/ElEh3puv_b1BoEKCPc7QMjsB-0mIPyl9Q6x42hCbs1_D9A?e=fYshFL
Mighty Auto Parts,0011N00001Gus1GQAR,https://francon1062.sharepoint.com/:f:/s/franconnectuniversity/Egui0xKLVHhDh6DwZ-AkA2kBibe2N6MP-UPtVVQbdj6Upw?e=cRNeBV
Patchmaster,0011N00001Gus1oQAB,
Massageluxe,0011N00001Gus1zQAB,
Taco John's,0011N00001Gus27QAB,
Green Home Solutions,0011N00001Gus29QAB,https://francon1062.sharepoint.com/:f:/s/franconnectuniversity/EkMcf2w2yh5DmVEZnXRqJWQBqoxv33UGySDEt0JF8E28zw?e=foeaNy
Medi - Weightloss,0011N00001Gus2DQAR,https://francon1062.sharepoint.com/sites/franconnectuniversity/Shared%20Documents/Forms/AllItems.aspx?id=%2Fsites%2Ffranconnectuniversity%2FShared%20Documents%2FTraining%20Video%20Archive%2FMedi%2DWeightloss&viewid=1c49f1ef%2D5f30%2D4e9a%2Da834%2D74855ff7
Steamatic,0011N00001Gus2MQAR,https://francon1062.sharepoint.com/:f:/s/franconnectuniversity/ErFum8xtfMBHj7dFxkVWRIMBgzvQIacmTgW881x7BDjiNg?e=qJudwd
Batteries Plus Bulbs,0011N00001Gus2NQAR,https://francon1062.sharepoint.com/:f:/s/franconnectuniversity/EvNV6Sk8x_RPujOqVD2TX30BWBB7kBQYAySTmQmyPuZ0tQ?e=SGDZAm
Hooters of America,0011N00001Gus2RQAR,https://francon1062.sharepoint.com/:f:/s/franconnectuniversity/Ev3_j0aesqBPvE6p5D4OVEQBWhoGyvppp3az2to0DflMyA?e=DgdwuA
Children's Lighthouse Learning Center,0011N00001Gus2bQAB,
Lawn Doctor,0011N00001Gus2cQAB,
The Pizza Ranch,0011N00001Gus2wQAB,
Buffalo Wings & Rings,0011N00001Gus2yQAB,
Massage Envy,0011N00001Gus2zQAB,
Jamba Juice,0011N00001Gus36QAB,
Blaze Pizza,0011N00001Gus3AQAR,
Potbelly Sandwich Works,0011N00001Gus3GQAR,
The Melting Pot,0011N00001Gus3IQAR,
American Family Care,0011N00001Gus3KQAR,https://francon1062.sharepoint.com/:f:/s/franconnectuniversity/EoQVvMYIyOhCi6JjvlZD-mkB1WBu8z6wpLI7lF9BssHGMQ?e=avNh4Z
Panera Bread,0011N00001Gus3NQAR,https://francon1062.sharepoint.com/:f:/s/franconnectuniversity/ElsyXGoUImtMlOSogFberoYB1QVtCJr1I00ybi3jAv515w?e=F5PWsG
Papa John's,0011N00001Gus3YQAR,https://francon1062.sharepoint.com/:f:/s/franconnectuniversity/EgWw2yuwHOxNo2m0YOejVu4BI5b38gZ_vbn7_uEAklZ5gQ?e=N2gu5P
Barre3,0011N00001Gus3cQAB,https://francon1062.sharepoint.com/:f:/s/franconnectuniversity/Eh7Y2pyVw1dEiP8dk3dD5C8B1NxOKLnAhQyDMwWV2kyWQQ?e=MTMs7L
Smashburger,0011N00001Gus3eQAB,https://francon1062.sharepoint.com/:f:/s/franconnectuniversity/Ei6QleeQCz9JvOF4cWGK2YYB5BHlwmLbIOfIkIEx24aX5A?e=qkmHn4
Qdoba Mexican Grill,0011N00001Gus45QAB,https://francon1062.sharepoint.com/:f:/s/franconnectuniversity/Ek0sr-H2JsFPkItsfOS9YO0BqjT7j8PWtHF4TuaAHLOrDQ?e=hx1z0e
Certapro Painters,0011N00001Gus4PQAR,https://francon1062.sharepoint.com/:f:/s/franconnectuniversity/EtJtJvcudPxLr0-9jcnPeYEB_ZMRi-BKppvgOpJhIyQp7Q?e=L5Vwu4
Jackson Hewitt Tax Service,0011N00001Gus4VQAR,
Floor Coverings International,0011N00001Gus4fQAB,
Pet Supplies Plus,0011N00001Gus4hQAB,
Hand & Stone Massage And Facial Spa,0011N00001Gus4oQAB,
Hungry Howie's Pizza & Subs,0011N00001Gus4rQAB,https://francon1062.sharepoint.com/:f:/s/franconnectuniversity/EiKOfiRMyHNKte5evRaDZJcBpzG-1I_GKhtAz50x2x-ujg?e=Oo3yMR
Checkers Drive-In Restaurants,0011N00001Gus52QAB,
Big O Tires,0011N00001Gus56QAB,https://francon1062.sharepoint.com/:f:/s/franconnectuniversity/EsBC8cVRxsJEpzYyWicr_YIB25_xOAamw35yD-h3u5_i6Q?e=bQKfM3
U.S. Lawns,0011N00001Gus5OQAR,
Jersey Mike's Subs,0011N00001Gus5PQAR,https://francon1062.sharepoint.com/:f:/s/franconnectuniversity/EqoIyF2hsMlAu_26bcXvajEBr6iEjuEUcGy7_PJubG4i9w?e=i9s3Jy
Subway,0011N00001Gus5RQAR,https://francon1062.sharepoint.com/:f:/s/franconnectuniversity/EqEEUsQthrBIutF4Ams46OwBiLQRIjybrfxAsK3YNngjoQ?e=I8MxOT
Circle K,0011N00001Gus62QAB,
Sweet & Sassy,0011N00001Gus64QAB,
"Pita Pit Franchising, LLC (Pita Pit USA)",0011N00001Gus68QAB,
Huddle House Restaurants,0011N00001Gus6AQAR,
School Of Rock,0011N00001Gus6GQAR,
Wendy's,0011N00001Gus6JQAR,https://francon1062.sharepoint.com/:f:/s/franconnectuniversity/EqwZvIiDdGxNjS-M2RbnEzABe3_q-7hzgSwkzQd3_WaI5g?e=Elwyp4
Menchie's Frozen Yogurt,0011N00001Gus6KQAR,
Freedom Boat Club,0011N00001Gus6PQAR,
Pure Barre,0011N00001Gus6fQAB,
Workout Anytime 24/7,0011N00001Gus6iQAB,
Office Pride,0011N00001Gus6nQAB,
Penn Station East Coast Subs,0011N00001Gus70QAB,https://francon1062.sharepoint.com/:f:/s/franconnectuniversity/EhYhbSQqMftFjMepKEr87fABxCrOkI4dGLa_A4ti0-m9WA?e=HsElCv
Svn Real Estate (Sperry Van Ness),0011N00001Gus74QAB,
Sport Clips,0011N00001Gus75QAB,https://francon1062.sharepoint.com/:f:/s/franconnectuniversity/IgCA8s5OSXpuQqMjblJM64geAZCOI6wzVUv-vHuhIonTuXs?e=Sj6xYW
Fresh Coat,0011N00001Gus77QAB,
Firstlight Homecare,0011N00001Gus7IQAR,https://francon1062.sharepoint.com/:f:/s/franconnectuniversity/Eu3jlwNQbKxNmeOg7yXGFa8BYhLuXAbMA20XgcA2slFvFg?e=ypgm0o
Expense Reduction Analysts,0011N00001Gus7PQAR,https://francon1062.sharepoint.com/:f:/s/franconnectuniversity/EqqK4lizHVdImydP6tfEC68BpWNuoANZDukXUUpj9jl6rQ?e=pdGA2U
Creative Colors International,0011N00001Gus7SQAR,
Verlo Mattress,0011N00001Gus7hQAB,
A&W Restaurants,0011N00001Gus7mQAB,https://francon1062.sharepoint.com/:f:/s/franconnectuniversity/EinAqQrWrGtEg7F-LeQ7wicBtaxtmNmEac05_XwHNWDExg?e=Mgk1y4
Grease Monkey International,0011N00001Gus81QAB,https://francon1062.sharepoint.com/:f:/s/franconnectuniversity/EjJ4jw5kVm1Ahv4EKEXh8JQBn4E3RmXjOBNMtQriq3hKlQ?e=n6QG8a
The Tutoring Center,0011N00001Gus86QAB,
I9 Sports,0011N00001Gus89QAB,https://francon1062.sharepoint.com/:f:/s/franconnectuniversity/Ep_k1HeNq3lHvMjClDmzW5gBweD-cRdonJiOXqXqeqSSaQ?e=YK25cY
Property Management Inc. (PMI),0011N00001Gus8DQAR,
Oxi Fresh Carpet Cleaning,0011N00001Gus8oQAB,https://francon1062.sharepoint.com/:f:/s/franconnectuniversity/EhECFhwgQLFGhEmKNzU1JWcBJciA_H7w8S7fYzOKyNuFDw?e=6VcU0E
Cici's Pizza,0011N00001Gus90QAB,
Snap-On,0011N00001Gus93QAB,
"Bojangles' Restaurants, Inc.",0011N00001Gus9DQAR,https://francon1062.sharepoint.com/:f:/s/franconnectuniversity/EgQoqdNpyLNBtaCTSr8fcOwByZePLTRtyT92sMQHjzXvKQ?e=PCxpUh
Canteen Compass,0011N00001Gus9SQAR,https://francon1062.sharepoint.com/:f:/s/franconnectuniversity/Ep5XDeU5NsJBnjfOaqRGN6sBBSW9ef9xDZrktCMvU9D-hQ?e=oGJHpA
Church's Chicken,0011N00001Gus9WQAR,
Comfort Keepers,0011N00001Gus9aQAB,https://francon1062.sharepoint.com/:f:/s/franconnectuniversity/Eu3sH4Dga5lGmKNkhqLw368BPvHLfysVLLGQu7O7-OOU7w?e=TlzLvI
Extramile Convenience Stores,0011N00001Gus9hQAB,
El Pollo Loco,0011N00001Gus9lQAB,https://francon1062.sharepoint.com/:f:/s/franconnectuniversity/EpnJohvH70JKruXpaCGBf-YBSa4etN3Tx3niDR4qRMrO5g?e=jXtOaE
Gold's Gym,0011N00001Gus9vQAB,https://francon1062.sharepoint.com/:f:/s/franconnectuniversity/ErNl_veHlEBPk9Wk57cPtEQBYSKYUNcQV2zrJsWtzgLqQw?e=K3uvw7
Griswold Home Care,0011N00001Gus9xQAB,
Home Helpers,0011N00001GusA3QAJ,
Housemaster,0011N00001GusA6QAJ,
Line-X,0011N00001GusA9QAJ,https://francon1062.sharepoint.com/:f:/s/franconnectuniversity/EnW1zo4034pDj5l-esi3mJYBUEvUX13evrGJseb9N8IMKg?e=NoxsHh
Long John Silver's,0011N00001GusABQAZ,
Merry Maids,0011N00001GusAKQAZ,
Perkins Restaurant & Bakery,0011N00001GusAeQAJ,
Pop-A-Lock,0011N00001GusAhQAJ,
Synergy Homecare,0011N00001GusBPQAZ,
Visiting Angels,0011N00001GusBbQAJ,https://francon1062.sharepoint.com/:f:/s/franconnectuniversity/EpL2yQdF3GxEiNTxPYdT3ykBREvwQY8BMsLweE9FisMoaw?e=Ha9vgE
Wetzel's Pretzels,0011N00001GusBdQAJ,
Galardi Group,0011N00001GusBfQAJ,https://francon1062.sharepoint.com/:f:/s/franconnectuniversity/EmcB6yXyT3VNtgy6j3n21EMBpKnhv8vmHU-epQeYTTtpZg?e=zbHuwr
Wingstop Restaurants,0011N00001GusBiQAJ,
Wireless Zone,0011N00001GusBkQAJ,
1-800-Junkpro,0011N00001GusBxQAJ,https://francon1062.sharepoint.com/:f:/s/franconnectuniversity/Euwcvb9lY4FCvv1KfTigQe4B9LK4Uls2wuB1umHQaavpZg?e=xlhgXK
Abrakadoodle,0011N00001GusCOQAZ,https://francon1062.sharepoint.com/:f:/s/franconnectuniversity/ErbwE-N6mblMnkiiA49I3CwBAMKybKi3Qq20OBszC_mrVQ?e=pSf1KF
Alignlife Systems,0011N00001GusChQAJ,https://francon1062.sharepoint.com/:f:/s/franconnectuniversity/EswPzYGYTXNDrNBuX816zuIBZHvZT5qL5dcIMNcw7TZcEg?e=AeU7nN
Aroma Joe's Franchising LLC,0011N00001GusDTQAZ,https://francon1062.sharepoint.com/:f:/s/franconnectuniversity/EkpDgeAS4_FKrO2gQjCDM_cBi3LF5o2Z0Rh0Y_Jtt4UThw?e=OYbZYP
Beans & Brews Coffee House,0011N00001GusEGQAZ,
Ben & Jerry's,0011N00001GusEKQAZ,https://francon1062.sharepoint.com/:f:/s/franconnectuniversity/EoqSBkgBWLNBuIcNaj5OxwYB-FpmqJ0o4PHKbS7BuOgk2w?e=0t1lxI
Blo Blow Dry Bar,0011N00001GusEnQAJ,
Bricks & Minifigs,0011N00001GusFHQAZ,https://francon1062.sharepoint.com/:f:/s/franconnectuniversity/EsFmfejqbfhPnGhfZqkZi2ABKbXYUvdWNueMUUBMYtxtBg?e=F61hvC
Buddy's Home Furnishings,0011N00001GusFXQAZ,https://francon1062.sharepoint.com/:f:/s/franconnectuniversity/EhwFfOkpk9xFny-gJmIg1GgBgzK7X1ce1DtCtVkCfgnC-A?e=xbJfr0
California Closets,0011N00001GusFvQAJ,
Camp Bow Wow,0011N00001GusG0QAJ,https://francon1062.sharepoint.com/:f:/s/franconnectuniversity/Eh40qWLs2DpDsyUxIY2QELQBRgyLhp_LTubTNFLC0bhgCw?e=zMDbyA
Capriotti's Sandwich Shop,0011N00001GusG5QAJ,https://francon1062.sharepoint.com/:f:/s/franconnectuniversity/EkYUq_261F5HgbUPnHkKs4ABC-WLDPWOS2jQl-wX8oCCwA?e=UwNoPA
Central Bark Doggy Day Care,0011N00001GusGIQAZ,
Duck Donuts,0011N00001GusIMQAZ,https://francon1062.sharepoint.com/:f:/s/franconnectuniversity/EjA32VsbEDJOiC9GZa9fYTMBwc5iZsQL6Y8CFYQZc117DQ?e=vY6gus
Dunn Brothers Coffee,0011N00001GusIQQAZ,https://francon1062.sharepoint.com/:f:/s/franconnectuniversity/EqMm4Hf7zDZAl02JFxXqKiQBiG42wdSc1b2l9jozapkGrQ?e=FcBA1e
Eggs Up Grill,0011N00001GusIbQAJ,
Eileen's Colossal Cookies,0011N00001GusIfQAJ,https://francon1062.sharepoint.com/:f:/s/franconnectuniversity/EiqIgW9FmQBKnZj9bmeAsm4BVokaT7JSW-2MLQdkwS709Q?e=9ltLAM
Expedia CruiseShipCenters USA Inc.,0011N00001GusJ3QAJ,
Fastest Labs,0011N00001GusJNQAZ,
Freddy's Frozen Custard & Steakburgers,0011N00001GusJzQAJ,
Hallmark Homecare,0011N00001GusLIQAZ,https://francon1062.sharepoint.com/:f:/s/franconnectuniversity/EpFu6yXu5uFJtl0EQIdiikgBaIAseYXIsDuQR7QUn6LHNg?e=EStlLJ
Instant Imprints,0011N00001GusM6QAJ,https://francon1062.sharepoint.com/:f:/s/franconnectuniversity/EopsoAeCMWFCrthiLI6ddgwBa-_bEwPXhL5RYF7_2xvv-g?e=7xCDq4
Juice It Up,0011N00001GusMoQAJ,https://francon1062.sharepoint.com/:f:/s/franconnectuniversity/EoQs1Se8tyFHtoLX7OUufAUBUa7HQw_8FKqOAb9DjqNbKg?e=m2ZQdm
Just Between Friends,0011N00001GusMuQAJ,
K-9 Resorts Daycare & Luxury Hotel,0011N00001GusN0QAJ,https://francon1062.sharepoint.com/:f:/s/franconnectuniversity/EriQwH10J-xNpbHGGP7KABQBl-6HIjhHaGdVUVlAk4lI0A?e=hzCxjf
Keyrenter Property Management,0011N00001GusN8QAJ,https://francon1062.sharepoint.com/:f:/s/franconnectuniversity/Etoq3DOOEqxLrM5z0PsMgakBbLWE68TSlH9gDEqHBYuhpg?e=iZ9A9Q
La Madeleine Country French Cafe,0011N00001GusNbQAJ,https://francon1062.sharepoint.com/:f:/s/franconnectuniversity/EtB9bhyC7_NItxbb1l3WswcBNyJK77IhX3FD7D5XTqWagQ?e=WuOug1
Windowhero,0011N00001GusNgQAJ,
Lee's Famous Recipe Chicken,0011N00001GusO1QAJ,https://francon1062.sharepoint.com/:f:/s/franconnectuniversity/EuBhDX86KkRMhNsb8u_Lr4cBze2sPtAjnFVgvBhIWItLFA?e=q5NbP4
Mainstream Boutique,0011N00001GusOiQAJ,
Millicare Floor And Textile And Carpet Care,0011N00001GusP8QAJ,
Money Pages,0011N00001GusPXQAZ,
Monster Tree Services,0011N00001GusPdQAJ,
Mountain Mike's Pizza,0011N00001GusPqQAJ,https://francon1062.sharepoint.com/:f:/s/franconnectuniversity/IgDOwuTT04BvTLd0SatdHN2wATjyn3fky7pIWuKp6deWmec?e=M5jxgw
Nothing Bundt Cakes,0011N00001GusQmQAJ,https://francon1062.sharepoint.com/:f:/s/franconnectuniversity/EtSfn40k9PhItgxSe_jfv6UBxNhiaH2mqYW57PKaUuYuEw?e=g2jX66
Nty Franchise Company,0011N00001GusQpQAJ,
Nurse Next Door Home Healthcare Services (USA) Inc.,0011N00001GusQrQAJ,https://francon1062.sharepoint.com/:f:/s/franconnectuniversity/EpJvamBreJpPsZpp-ikkP7IBfeLAQM8BZXeXguhQX_owVw?e=awbKuX
Omega Learning Center,0011N00001GusRDQAZ,
Paris Baguette,0011N00001GusRjQAJ,
Paul Davis Emergency Services,0011N00001GusRpQAJ,https://francon1062.sharepoint.com/:f:/s/franconnectuniversity/EqGduetpvqFAsfNxFLvPvaUBGSQMunkbNJFmlfd8ge3YwQ?e=Q22BdM
Phenix Salon Suites,0011N00001GusS5QAJ,https://francon1062.sharepoint.com/:f:/s/franconnectuniversity/Eu_KIvK8VclFsI9IyPWj6UEB_5ZXHxEtA4OwKwGqzLEADQ?e=59Nkes
Philly Pretzel Factory,0011N00001GusS6QAJ,
Pirtek USA,0011N00001GusSKQAZ,
Potato Corner,0011N00001GusSeQAJ,
Prosource Wholesale,0011N00001GusSuQAJ,
Lightbridge Academy,0011N00001GusT4QAJ,
Rainbow Station (Leafspring),0011N00001GusT5QAJ,https://francon1062.sharepoint.com/:f:/s/franconnectuniversity/IgDing2A9o-tSIB4oxPzA9t6Acj5yxL9gYVjgNmP0zm-Kcc?e=La6idL
Robeks Fresh Juices & Smoothies,0011N00001GusTeQAJ,https://francon1062.sharepoint.com/:f:/s/franconnectuniversity/EkhSSahZZQpHhFufWePsyPEBfxou4nuxHBDObmqHgnmwGA?e=fpnNyo
Ruby's Diner,0011N00001GusTsQAJ,
Rytech,0011N00001GusTyQAJ,
Salsarita's Fresh Mexican Grill,0011N00001GusU8QAJ,https://francon1062.sharepoint.com/:f:/s/franconnectuniversity/IgCHkI4Q42CTTIncDXg9WrOMAc4QCkaM-mQfreY3-sbtVss?e=LQcIhw
Shine Window Care,0011N00001GusVDQAZ,
Skyline Chili,0011N00001GusVkQAJ,
Storm Guard Roofing and Construction,0011N00001GusWuQAJ,https://francon1062.sharepoint.com/:f:/s/franconnectuniversity/En99KoIvkZlOkFeAzq3V-e4BobT9aw6UUBX1DH3B4iQa3A?e=LN3QTu
Teriyaki Madness,0011N00001GusY2QAJ,https://francon1062.sharepoint.com/:f:/s/franconnectuniversity/Ei8is3TbpcxCgEFrPrhp_YYBK8_pUwEQHrECkn-lIpuC5Q?e=AIJSmz
Honeybaked Ham,0011N00001GusYpQAJ,
"Human Bean Drive Thru, The",0011N00001GusYqQAJ,
"Joint Chiropractic, The",0011N00001GusYsQAJ,
The Lash Lounge,0011N00001GusYvQAJ,https://francon1062.sharepoint.com/:f:/s/franconnectuniversity/EqgIvNJrplpHsrK9iRa5CskB8a_O2p8yRSNTx6wW-P1IwA?e=tcM56H
Restore Cryotherapy,0011N00001GusZ0QAJ,
Salon Professional Education Company,0011N00001GusZQQAZ,
"Spice & Tea Exchange, The",0011N00001GusZWQAZ,
Woodhouse Spas Corporation,0011N00001GusZfQAJ,
Tide Dry Cleaners,0011N00001GusZnQAJ,https://francon1062.sharepoint.com/:f:/s/franconnectuniversity/ErYLNk5qiXxFn-Iemyu9iKsBVXaJCxodiYLKCjvJpInmog?e=kJIOGx
Tint World,0011N00001GusZpQAJ,
Tous Les Jours,0011N00001Gusa7QAB,https://francon1062.sharepoint.com/:f:/s/franconnectuniversity/EnqVnw-O5XJKqtV3NYNhZdcBwsO2eBU5G6a7VidtrC7-mA?e=e4kgHx
Victory Lane Quick Oil Change,0011N00001GusbBQAR,
Vital Care,0011N00001GusbDQAR,https://francon1062.sharepoint.com/:f:/s/franconnectuniversity/Ekd4aMpFAX9GripJafwaPKABOtbMVeqcdYK5wQmH1qB28w?e=3nggK3
Vitality Bowls,0011N00001GusbHQAR,
Wild Eggs,0011N00001GusbzQAB,
Window World,0011N00001Gusc8QAB,
World Gym International,0011N00001GuscMQAR,
Young Rembrandts,0011N00001GuscrQAB,https://francon1062.sharepoint.com/:f:/s/franconnectuniversity/EggSiMWlQ5RPpn1vkqpaZkABZaGcPgYNKqB4WbC9Uzb6GQ?e=gvfHKX
The Dapper Doughnut,0011N00001GusfBQAR,
Re-Bath,0011N00001GusflQAB,https://francon1062.sharepoint.com/:f:/s/franconnectuniversity/EgK_yc5dbWJNqMbSQxnaSJgBTlnOLMKS8tMyRbCVKH7qIw?e=ZeQYTh
Annex Brands,0011N00001GusgFQAR,https://francon1062.sharepoint.com/:f:/s/franconnectuniversity/Euds8W4GCjBDrmr_zIaa7OoBbi7WOyhQU1hv0zGpK2P0pA?e=CPsSUG
Bebalanced,0011N00001GusgIQAR,
Comfort Keepers Canada,0011N00001GusgMQAR,
SPB Hospitality,0011N00001GusgUQAR,https://francon1062.sharepoint.com/:f:/s/franconnectuniversity/Es9HcvSSQHBDqRedKp4P1rMBHEW9JkIpmwM2Awm5dhnY7w?e=bOqgoZ
Recipe Unlimited,0011N00001GusgVQAR,
Cke Restaurants,0011N00001GusgYQAR,
Mbe Worldwide,0011N00001GusgsQAB,https://francon1062.sharepoint.com/:f:/s/franconnectuniversity/EsTP7Krg7NdBogUCwPNLGXsBUHq0qymd1jYMx3huWwIztw?e=e8hQtW
Pool Scouts,0011N00001GushCQAR,
Senior Helpers - Australia,0011N00001GushLQAR,
241 Pizza,0011N00001GusiDQAR,
Abercrombie & Fitch,0011N00001GusizQAB,
A&W Food Services Of Canada,0011N00001GusmmQAB,https://francon1062.sharepoint.com/:f:/s/franconnectuniversity/Eq43lhnVTDdAhMKQNgniRaYBi4-I9M7rGvIqkGrifHENWw?e=oktiaK
"Ballard Brands, Llc",0011N00001Gusn4QAB,https://francon1062.sharepoint.com/:f:/s/franconnectuniversity/Esn_633oA4pHtT7_AvG9LnABTQZZYdJ0L2u5vfCro-I6xw?e=laXa8C
Basecamp Franchising,0011N00001GusnZQAR,https://francon1062.sharepoint.com/:f:/s/franconnectuniversity/EsQHGQ7qCTFLqyxtVU3ddQEBCmkv6XlSIUgRtqAgQtTOGw?e=ACuxpj
BELFOR ENVIRONMENTAL INC.,0011N00001GusoCQAR,https://francon1062.sharepoint.com/:f:/s/franconnectuniversity/EoT1m0gAybpIv4ahT6rImlAB7Xm-U74wFHdhtZ9y8Zqd0g?e=bMa0zH
Bento Sushi,0011N00001GusoJQAR,https://francon1062.sharepoint.com/:f:/s/franconnectuniversity/ErVhyVeaq79Hn6zz44wdensBne7ViqzU4KAYMFPipduCSg?e=ZF1E91
Bishops Cuts / Color,0011N00001Gusp2QAB,
BNI Global,0011N00001GuspaQAB,https://francon1062.sharepoint.com/:f:/s/franconnectuniversity/EorubmaeYo5Gky8IwUiht-8BcGzr4hbh9gJ587KluOoa5Q?e=Mi43pY
Bobby's Burgers,0011N00001GusptQAB,
Buttermilk Sky Pie Shop,0011N00001GusrGQAR,
Buzz Franchise Brands,0011N00001GusrnQAB,
J.D. Byrider,0011N00001GusrqQAB,
Cc's Coffee House,0011N00001Gust8QAB,https://francon1062.sharepoint.com/:f:/s/franconnectuniversity/EiRaKiiEzftEspmvoCWgx_YB_Z4OYufWjfEfT1nW_xl7fA?e=vBuKMY
Celebree Learning Centers,0011N00001GustHQAR,https://francon1062.sharepoint.com/:f:/s/franconnectuniversity/Em40Hev7pZJMixKSOLacNGkBHmL0VB1zwQd8k85Lo71_CQ?e=FrSVKL
Chill-N Nitrogen Ice Cream,0011N00001Gusu3QAB,
Collective Wellness Group,0011N00001GusvZQAR,https://francon1062.sharepoint.com/:f:/s/franconnectuniversity/Es9x57di7Y1CpWMc6_3vZ2wB-dyuUuR5l_xe9BlakpfPTg?e=GwNpiQ
D3H Hotels,0011N00001GusxTQAR,
Driven Brands Inc.,0011N00001GuszPQAR,
Generator Supercenter,0011N00001Gut5kQAB,https://francon1062.sharepoint.com/:f:/s/franconnectuniversity/EkaLFlMv6c5Pks3luVEyylYBB_RaTkor0pMvNZkCHPFcqg?e=f59u6f
Housedoctors,0011N00001Gut9qQAB,
"Huey Magoo's Restaurants, LLC",0011N00001Gut9yQAB,https://francon1062.sharepoint.com/:f:/s/franconnectuniversity/EoEgtJqCoDNMl_zyHFFvx5cBu2Toa695kJbmht0RauKSBw?e=ZaeEtS
Icode School,0011N00001GutAVQAZ,
Innovative Fitness,0011N00001GutBGQAZ,https://francon1062.sharepoint.com/:f:/s/franconnectuniversity/EmnRPPSh-CJMpTwdN6hfF8YBvasdhT8SEOmHF9WgYeF2tA?e=MQPWF5
Fast-Fix Jewelry & Watch Repairs,0011N00001GutCMQAZ,
Juici Patties USA,0011N00001GutCgQAJ,https://francon1062.sharepoint.com/:f:/s/franconnectuniversity/EjTYlZf7vq1GuuwWmEfr1JUBBn6F_oz1m-JziqPgpqKI9Q?e=aK4yLt
"Kahala Management, LLC",0011N00001GutD0QAJ,
Kumon Center,0011N00001GutECQAZ,
Lift Brands,0011N00001GutFPQAZ,https://francon1062.sharepoint.com/:f:/s/franconnectuniversity/Egev5JX8J6JBqKk0QJPGimUB7d0STx6CfaLymxflsWEFIw?e=WUQqqe
Moxie Salon & Beauty Bar,0011N00001GutJBQAZ,
"Pickup Usa Franchise Company, LLC",0011N00001GutO8QAJ,https://francon1062.sharepoint.com/:f:/s/franconnectuniversity/EmLdgNdp35JJh1yGV82nILUBTGfBQVeOiv9zsJiHJosG3g?e=SQeAQw
Primrose Schools,0011N00001GutPcQAJ,https://francon1062.sharepoint.com/:f:/s/franconnectuniversity/Ep4H4bEbFWNBuWLBw9Vre7kBRHJeWPkOoj_n4xLVWCywdA?e=Vj43GK
Retail Food Group,0011N00001GutRvQAJ,
Servicemaster Residential/Commercial Services Limited Partnership,0011N00001GutUvQAJ,https://francon1062.sharepoint.com/:f:/s/franconnectuniversity/EvVBVa4SwMVEj-E3cqNmPrMBDL2T9rmbc-__3LOjJhE3JQ?e=Yml3kY
Shoney's Restaurants,0011N00001GutVLQAZ,https://francon1062.sharepoint.com/:f:/s/franconnectuniversity/Es_5is6ijLlHsDI17MJuFYQBhcnSF83cLCh4yU6H3WvZSg?e=mW6kLE
Simple Simon's Pizza,0011N00001GutVeQAJ,
The Symposium Cafe Inc,0011N00001GutZ7QAJ,
Neighborly,0011N00001Gutb0QAB,https://francon1062.sharepoint.com/:f:/s/franconnectuniversity/EpF2BPTB3rNGt0F-BMYaK8oBVEpqirWXiDWf0o8lHLU_Hg?e=PmL6fl
The Halal Guys,0011N00001GutbJQAR,
Wellbiz Brands,0011N00001GutgLQAR,https://francon1062.sharepoint.com/:f:/s/franconnectuniversity/EgCz2cYwX_RHgdyX9ZGslPYBYeFAQ-6zmPiMCoiSanWKeg?e=sTYcUc
Altitude Trampoline Park (ATP),0011N00001Gutj5QAB,https://francon1062.sharepoint.com/:f:/s/franconnectuniversity/EuUC3Xw6RZZItej6MwBAf1cByVJPZxsU8Xh7QP_Wg8KF7w?e=Ln7gcp
"Brix Holdings, LLC",0011N00001GutlYQAR,https://francon1062.sharepoint.com/:f:/s/franconnectuniversity/EgAnq4Ed6FpHqKLtuKHRQpABBo4TH1dwWE7bajmLabqYsA?e=Pr9HgF
Bubbakoo's Burritos,0011N00001GutlcQAB,https://francon1062.sharepoint.com/:f:/s/franconnectuniversity/EiA1ExWOPfBChfwmHbYWTh4BzwETzCqAEV8Uy4SggF41XA?e=oH2aWY
Cornwell Quality Tools,0011N00001Guto1QAB,https://francon1062.sharepoint.com/:f:/s/franconnectuniversity/EtSL4ghgyDtMqoPf2yC4PQAB2Aoule6R5T95ceQhWgYr_A?e=31fbLU
Famous Brands,0011N00001GutqCQAR,https://francon1062.sharepoint.com/:f:/s/franconnectuniversity/Esy6dv8bGlhMkTy9nwMpBnwBwXBCsh8NYIgNB89rr6N49g?e=EPLBzH
Fujisan Asian Bar,0011N00001GutrHQAR,https://francon1062.sharepoint.com/:f:/s/franconnectuniversity/EtUORYtAAxpBjwgYkHzv-I0BOMWbCPn3WG8SJa0CMAhvQQ?e=sYvRHg
The Growth Coach,0011N00001GutsOQAR,
Wonderfield Group,0011N00001GuttuQAB,https://francon1062.sharepoint.com/:f:/s/franconnectuniversity/EiZ9N4QJo5VEiXztYXJvR3EBABuZNckU_yQ2iRuYwDD90A?e=xpdUo7
Monster Mini Golf,0011N00001GutwbQAB,https://francon1062.sharepoint.com/:f:/s/franconnectuniversity/ElLTDJxsrR9JvOJkssqRJOwB_ME08cdArUnAzLdnqlZe9g?e=NU7cI4
Play Street Museum,0011N00001GutzBQAR,https://francon1062.sharepoint.com/:f:/s/franconnectuniversity/EgXCOPqS0NtGkRutTDFmTS4BY969bM0BsUnPDdII7CEM3A?e=dHUvh5
Realty One Group,0011N00001Guu0HQAR,https://francon1062.sharepoint.com/:f:/s/franconnectuniversity/EtTz8BduoGNDpMZnu392QcwBo_2mNm2wJPnSZLYBApYDVQ?e=AGxNKu
Rhea Lana's,0011N00001Guu0ZQAR,https://francon1062.sharepoint.com/:f:/s/franconnectuniversity/EpTJuBHUTdxFgsjFoGwzXfIBG9JLWHzcTr5ojX5BPwp7LA?e=Lton4m
Senior Helpers,0011N00001Guu1OQAR,https://francon1062.sharepoint.com/:f:/s/franconnectuniversity/EslBS8bOH_BGmg1L5fspS64BvBqpRRykbJl7mgAJoNJ3oA?e=gG7WgS
Sport Clips Canada,0011N00001Guu2lQAB,
Storage Authority,0011N00001Guu3CQAR,
Streamline Brands,0011N00001Guu3GQAR,https://francon1062.sharepoint.com/:f:/s/franconnectuniversity/EuWGf5PSC79NkcB0hBo-BBoBP9UJwZtYJOnnmpZTwKazkA?e=GPUcP1
Stretch Zone,0011N00001Guu3HQAR,
Surcheros Fresh Grill,0011N00001Guu3eQAB,https://francon1062.sharepoint.com/:f:/s/franconnectuniversity/Eg8NnZZBCntHm9RDyLL-gv0BG3941PCdeUYvoICK0e9lsg?e=0XGFnk
Swig,0011N00001Guu3tQAB,
Walk-On's Bistreaux & Bar,0011N00001Guu5zQAB,https://francon1062.sharepoint.com/:f:/s/franconnectuniversity/EjOxP1aJ05NMrTCnTyId5Y8BH0D1Mjq2smywdElrT3IwLA?e=DgIbUC
Pokeworks,0011N00001GuuANQAZ,
Sam The Concrete Man,0011N00001GuuAhQAJ,https://francon1062.sharepoint.com/:f:/s/franconnectuniversity/EnxC6NWrPINNiWWFSRpWsUMB-zEOKPqAzSjQx_pMiSXgaw?e=8mWv4z
Truly Nolen,0011N00001GuuB4QAJ,
Rock N Roll Sushi,0011N00001GuuCJQAZ,
Color World Housepainting,0011N00001GuuCcQAJ,
Liberty Tax Service,0011N00001GuuDgQAJ,https://francon1062.sharepoint.com/:f:/s/franconnectuniversity/EhecRoxxHplLglBuReqsXVABdIan0u5swG3KF6Y3xZmRQg?e=zsvJsY
Port Of Subs,0011N00001GuuEgQAJ,https://francon1062.sharepoint.com/:f:/s/franconnectuniversity/ErjOQEXcH61Nrir5wx8e5aQBj-T4GuucAMedhVBY6o-Bew?e=tZsuwj
Express Employment Professionals (Express Services),0011N00001GuuFHQAZ,https://francon1062.sharepoint.com/:f:/s/franconnectuniversity/Ete37goOBgNMnOjaPq4HtBABrOxvblZQTSQgFc6q_5gZTg?e=XQxY3v
Deka Lash,0011N00001GuuFMQAZ,https://francon1062.sharepoint.com/:f:/s/franconnectuniversity/EmoA3T2VQ_JNhcOQg_egpXkB_-q7LFn2Gvx0ypMtOoKMvQ?e=SARJyq
"FAT Brands, Inc.",0011N00001GuuFVQAZ,
Clothes Bin,0011N00001GuuFtQAJ,https://francon1062.sharepoint.com/:f:/s/franconnectuniversity/EgzlEkGbHkRDqJNCl8G29bIB3R_Zo8XglBQld8RGqiQ9Qg?e=FfI081
Fantastic Sams,0011N00001GuuFwQAJ,https://francon1062.sharepoint.com/:f:/s/franconnectuniversity/EhdzO8eYDgRMvPkJrz5VaIwBKeoNR6Z9TCdFrUksLoaRdw?e=gHlrpJ
Poolwerx (Franchise Management),0011N00001GuuG4QAJ,https://francon1062.sharepoint.com/:f:/s/franconnectuniversity/Eg5XXFtZBFBKpp_T0_9MPugB-uq21VO475CAc513JhObGg?e=MfDFbb
Title Boxing Club,0011N00001GuuG5QAJ,
Strategic Franchising Systems,0011N00001GuuG9QAJ,
Focus Brands (GoTo Foods),0011N00001GuuH5QAJ,
Code Ninjas,0011N00001GuuHeQAJ,https://francon1062.sharepoint.com/:f:/s/franconnectuniversity/EurtqgiKY5JEu7Iij4azau8BNhQqykPey-XmPXCUM5jDtg?e=ghV682
Pet Valu,0011N00001GuuHgQAJ,https://francon1062.sharepoint.com/:f:/s/franconnectuniversity/EjNpjW9ea_NEshm4F0FsgpsB-bcZz4J1l6t8I7yhUNxGFQ?e=U7SQFD
Chicken Salad Chick,0011N00001GuuICQAZ,https://francon1062.sharepoint.com/:f:/s/franconnectuniversity/ElPTD5_MNbVHise1xd6T_n8BQqqhRo9f-yAtHDlU8SeLtg?e=Xk6x2E
Coffee Bean And Tea Leaf,0011N00001GuuIQQAZ,https://francon1062.sharepoint.com/:f:/s/franconnectuniversity/EkOKQnmjngpDmAv7Cl-mswoBkhYnZPmDRIyi94jx9ONk5A?e=SrpU70
Soul Origin,0011N00001GuuIUQAZ,https://francon1062.sharepoint.com/:f:/s/franconnectuniversity/Et00EvtH3OVHn_JErBctwIsBW9CB-iiXhU0i8PdlSW3xJw?e=gTYqiS
Max Brenner,0011N00001GuuIjQAJ,https://francon1062.sharepoint.com/sites/franconnectuniversity/Shared%20Documents/Forms/AllItems.aspx?id=%2Fsites%2Ffranconnectuniversity%2FShared%20Documents%2FTraining%20Video%20Archive%2FMax%20Brenner%2F2026%2D02%20IM%2C%20Hub%2C%20BC%2FTraining%20Sess
Smoothie King,0011N00001GuuIoQAJ,https://francon1062.sharepoint.com/:f:/s/franconnectuniversity/EvHyGI_dT_pPr5V0Ww1z14cB8TaUEbVHiPcxVdmjCiH5Dw?e=c8xPvw
Chevron,0011N00001GuuJIQAZ,
Giovanni's Pizza,0011N00001GuuKFQAZ,https://francon1062.sharepoint.com/:f:/s/franconnectuniversity/Eo_CVe2B9IhIk9SnhWdIwYUB-DcMpWLVIr69vBc4lJ0f8g?e=jkcRfQ
Sonesta Hotels,0011N00001GuuKgQAJ,https://francon1062.sharepoint.com/:f:/s/franconnectuniversity/ElpG_I3Xmf5HheYj-r0GSX0BNo5xV6Z5JkJCxA--SbIpbA?e=TTthaX
Magnolia Bakery,0011N00001GuuN4QAJ,https://francon1062.sharepoint.com/:f:/s/franconnectuniversity/Em1hfhj0E0BBu6FksxnvxWsB0EK0O4h8vm8Ln-9hGp_IPg?e=LYB7fh
Bark Busters,0011N00001GuuOBQAZ,https://francon1062.sharepoint.com/:f:/s/franconnectuniversity/Elo8CxRbD3lHsEvV1ALiPXkB3scZDd7YMQ_FihBBCkacwQ?e=mXch2l
Boston Pizza International Inc.,0011N00001GuuODQAZ,https://francon1062.sharepoint.com/:f:/s/franconnectuniversity/El5y24wKHSlLhfSpAFLfPWUBnEhgmYpf2xvswA04GNqoSQ?e=X6cpJT
Shipley Do-Nuts,0011N00001GuuOSQAZ,https://francon1062.sharepoint.com/:f:/s/franconnectuniversity/EuOozF-O8yZBqwINlhYNwzMBsdjLW5INpMFqSJAGvJZG0g?e=1ycFwj
Honest Abe Roofing,0011N00001GuuOzQAJ,
Healthsource Chiropractic,0011N00001GuuVjQAJ,
Pandora,0011N00001GuuWmQAJ,
Suncor,0011N00001GuuWyQAJ,
Fleet Feet Sports,0011N00001GuuX5QAJ,
Sonny's Real Pit Bar-B-Que,0011N00001GuuXLQAZ,https://francon1062.sharepoint.com/:f:/s/franconnectuniversity/Ejy-XOChtP1ErLWBOChaIhkByMCk2xCQQy1JRKLf5QtskQ?e=X8Ia62
Burn Boot Camp,0011N00001GuuXlQAJ,https://francon1062.sharepoint.com/:f:/s/franconnectuniversity/Ehu8OexetwJDlCn1w-ujwEcBtSu-iPe9Jw2pUOIVT6JNmw?e=94yu3R
Speedpro Imaging,0011N00001GuuY3QAJ,
SystemForward America,0011N00001GuuYmQAJ,
Matchpoint,0011N00001GuuZ7QAJ,
"Kilwin's Chocolates Franchise, Inc.",0011N00001GuuZDQAZ,https://francon1062.sharepoint.com/:f:/s/franconnectuniversity/EmCSu4uowbZHqM-o4pemewcB-N32VKSHH3Mh8lBR2VCt8A?e=ch4AFz
Jollibee (Honeybee Foods Corporation),0011N00001GuuZWQAZ,https://francon1062.sharepoint.com/:f:/s/franconnectuniversity/EpHvMoyQ03FNg0brAiGYIs8B6VkLdbY-BCVLJBBpuuY3_g?e=rIBQI4
Opa! Of Greece,0011N00001GuuaXQAR,https://francon1062.sharepoint.com/:f:/s/franconnectuniversity/EomvQvio_M1Dp44dI_fKGkgBA4gGW5qhC21W81kTWBZgbw?e=EWIAdY
"Ruth's Hospitality Group, Inc. (Ruth's Chris Steak House)",0011N00001GuuahQAB,
Rent-A-Center,0011N00001Guuc4QAB,
101 Mobility,0011N00001Guuc5QAB,
Teams Of Tomorrow,0011N00001GuucOQAR,
Emerging Vision (Sterling Optical),0011N00001GuucsQAB,
Angry Crab,0011N00001Guud4QAB,
Buff City Soap,0011N00001IiSGSQA3,https://francon1062.sharepoint.com/:f:/s/franconnectuniversity/ErBGe7XJsGJIoawcA-JPoykBWzxk1TpiRE1ngsiu3hNWwg?e=p7ErIJ
"Servpro Industries, Inc.",0011N00001KO7WWQA1,https://francon1062.sharepoint.com/:f:/s/franconnectuniversity/EueaKllh-JxEpyWmUf2HAMMBzTT70qyjIqog3ftYupCcAA?e=thSpos
Woofies,0011N00001MBNjPQAX,
Town Square,0011N00001MBqRbQAL,CUsersmonica.fitchettOneDrive - FranConnectZoom2025-11-24 11.32.08 SALES - User Training (Franchisor) (Michael Wong) with Monica Fitchett
Stoner's Pizza Joint,0011N00001W2lYSQAZ,https://francon1062.sharepoint.com/:f:/s/franconnectuniversity/EukgOTvQsUhFtklUzfdYMvkBjaRJvN9fO9xcqc3pGKrWcQ?e=3n6mXm
Home Clean Heroes,0011N00001W7tTKQAZ,
Big Blue Swim School,0011N00001YIe2jQAD,
One You Love Homecare,0011N00001Z4xIbQAJ,
Sinelli Concepts,0011N00001ZHQFxQAP,
Riko's Pizza,0011N00001aUAc9QAG,https://francon1062.sharepoint.com/:f:/s/franconnectuniversity/EsQtDqEmrZxEmmx9jNt3UnEB_uSVtI3awG4mwKfP60EVYQ?e=3qeS9S
Smoke's Poutinerie Inc.,0011N00001aW45SQAS,https://francon1062.sharepoint.com/:f:/s/franconnectuniversity/Emp09jQEMlpHvN_tFTJjPy4BMjg4xInlZ10GeMHiUC4C9A?e=e8tzNt
Rita's Ice-Custard-Happiness,0011N00001aW45lQAC,https://franconnect.lightning.force.com/lightning/r/Solutions_Delivery__c/a0jUh000001FzozIAC/view
Touching Hearts At Home,0011N00001aW48OQAS,https://francon1062.sharepoint.com/:f:/s/franconnectuniversity/EgvsExKeW1BErdUKH-3aSVEB8Dl7lPGhMUtYtZzEynFeRg?e=amadvp
Pet Wants,0011N00001aWHBeQAO,
Pinch A Penny,0011N00001aWJvUQAW,https://francon1062.sharepoint.com/:f:/s/franconnectuniversity/ErPbCejP4LpKpc8QMqmW-84Bn_dELnEO9tj7tMz5XS7MbQ?e=Y4nUha
Tropical Smoothie Cafe,0011N00001aXRUVQA4,https://francon1062.sharepoint.com/:f:/s/franconnectuniversity/Elbj9ufGX19Oo_0nd6XsNQ0BJFOlApj1XaR5IYVmOCxRjg?e=R81KWQ
Brandone Franchise Development,0011N00001anWYhQAM,
Sbarro LLC,0011N00001ao0LzQAI,https://francon1062.sharepoint.com/:f:/s/franconnectuniversity/EtcsfUMklDRJnQVDdxAOLhYB7I3X7d4-jSiUdMSg1F9L8g?e=A3YVNK
Xponential Fitness Inc,0011N00001aoWctQAE,https://francon1062.sharepoint.com/:f:/s/franconnectuniversity/EsgOw5O_0J1FlFe9Del_tK0BB1oNZT1LoVD4gpkUw4DbmA?e=UV3tFV
Trublue,0011N00001aoYEtQAM,https://francon1062.sharepoint.com/:f:/s/franconnectuniversity/EjHBlrlXLhRMrn1XirfLPWcBSPTUvD7QNFZfud4U-onVaw?e=dOPith
Federal Donuts,0011N00001b30uLQAQ,https://francon1062.sharepoint.com/:f:/s/franconnectuniversity/Ev5yVI7SHGtCmWGx86zJlnIBWiUicWunDXAubRcF-rmVDg?e=0DLvZl
Franchise Services Inc.,0011N00001b30v8QAA,
Chairman's Brands,0011N00001co4LCQAY,https://francon1062.sharepoint.com/:f:/s/franconnectuniversity/EqOuGkDvm9BHmJ7HGngpmTgB93rnJieEDI1Sc24ZZvmMpw?e=8c55CX
Cinch I.T.,0011N00001coknoQAA,
Fyzical Therapy & Balance Centers,0011N00001e1TNBQA2,https://francon1062.sharepoint.com/:f:/s/franconnectuniversity/El-nz2wT8idOk_kA1QJZDpgBljPyoLEMRNjOFAOYqrwuAg?e=dhOO70
Twin Peaks Restaurants,0011N00001e1Ui6QAE,https://francon1062.sharepoint.com/:f:/s/franconnectuniversity/Erthw0G1uIFAuEqTznmmmsYBCZKhYk82U746hhy2BBB6cQ?e=hEe5dw
Precision Tune Auto Care,0011N00001e2tOWQAY,
Dine Brands Global,0011N00001gDKVNQA4,
Mr Mikes Steakhouse Casual,0011N00001gDvV5QAK,https://francon1062.sharepoint.com/:f:/s/franconnectuniversity/EgGcgBqLaM9Kl3A4Naz2Dc0B1ai-cRnJyI-IVaiCJr9U1w?e=zocTAX
Fiiz Drinks,0011N00001jOIMJQA4,https://francon1062.sharepoint.com/:f:/s/franconnectuniversity/Eq7x1eON375Pvy6stdOhJocBNRtpz3SgXNFml2DLuFSn7Q?e=xwG00g
"Darden Restaurants, Inc.",0011N00001jg5bcQAA,
Wingers Grill & Bar,0011N00001lvKTiQAM,https://francon1062.sharepoint.com/:f:/s/franconnectuniversity/EiIzlnnogf9Lhr5nCmsEBSwB8In1Ej1sSzh-Wt1kzQUjrw?e=ETQbAb
Little Caesars (LCE),0011N00001m9xgqQAA,https://francon1062.sharepoint.com/:f:/s/franconnectuniversity/EqtYcgdA5fRIrxkj5qddArsBYVPXc5fujfWFCiXVWD92jw?e=IxTTQV
Tierra Encantada,0011N00001nANpAQAW,
Oxygen Yoga & Fitness,0011N00001nBSDDQA4,
EcoPest,0011N00001nnY7IQAU,
Boost Juice Australia,0011N00001nnZuoQAE,
Jax Tyres Service Centres,0011N00001nnZy9QAE,https://francon1062.sharepoint.com/:f:/s/franconnectuniversity/EiiTRWAKTMVBiLkF9WWnuu4BOfXjmYBjTMQ2vX0dGbTMPA?e=3sNt5B
"Authority Brands, LLC",0011N00001nnZyAQAU,https://francon1062.sharepoint.com/:f:/s/franconnectuniversity/ErMRZFX1afxKgRzsX2KXiGQBJjj191TjM-NFvOdPO9l7Vw?e=HOWNbP
Gelatissimo,0011N00001nnZygQAE,
Isi Elite Training,0011N00001proTyQAI,https://francon1062.sharepoint.com/:f:/s/franconnectuniversity/EsGmF3oED3NEtK3LPzPAnboBazjjeb0lC9xTrZ9fOBd75w?e=ctxnIJ
Self Esteem Brands,0011N00001rc7ZkQAI,https://francon1062.sharepoint.com/:f:/s/franconnectuniversity/Evs2HHo2S0FPh8PO0I4v0nsBivdWmdjRndvkpEl-FyN-ZQ?e=AitYBZ
Radfield Home Care,0011N00001szuXvQAI,https://francon1062.sharepoint.com/:f:/s/franconnectuniversity/EiVc8PaT4ZFKkF-jGftM4lkBvNYOJVedACBYbGKNZLPtxA?e=geJeG1
Upgrade Labs,0011N00001tSCz3QAG,
Neighborhood Barre,0011N00001udYmBQAU,
Jeremiah's Italian Ice,0011N00001ukOqrQAE,
Hteao,0011N00001ul7oMQAQ,https://francon1062.sharepoint.com/:f:/s/franconnectuniversity/EgiTbeC6ufxFqIr2SiHPmNIBk256Pbt3-mCL1eI8OOPuMg?e=VhqHNG
Feng Cha,0011N00001vkAsnQAE,https://francon1062.sharepoint.com/:f:/s/franconnectuniversity/Ep8t8GtI6e9ItvAD7WEcrg4Bn-2knhJL9Gbf55Cc91y5og?e=AI1b5F
Mobility Plus,0011N00001vmYcvQAE,
100% Chiropractic,0011N00001vmYjeQAE,https://francon1062.sharepoint.com/:f:/s/franconnectuniversity/En9MUeoteq1Og9CvrHkqD_ABV_coqcMDJVeZvEdmqzz3aA?e=pOdQMX
"IN THE SAUCE BRANDS, INC.",0011N00001wQBUkQAO,
Circustrix (Skyzone),0011N00001wRyBFQA0,https://francon1062.sharepoint.com/:f:/s/franconnectuniversity/Ek8DGO_uT6RPsWIKp7GL6_UBfcpM3mye-mDVXgCUdf3Gkw?e=OXHQgG
Zambrero,0011N00001wS05JQAS,https://francon1062.sharepoint.com/:f:/s/franconnectuniversity/Eph-a-fXBydHjl_z8UceZiQB8yiVvLXio4G1fhO54Va8Hg?e=GobfyV
Jreck Subs,0011N00001wSSztQAG,
The Coffee Club,0011N00001wSo3HQAS,
San Churro,0011N00001x9sGvQAI,
Playa Bowls,0011N00001xAgEYQA0,https://francon1062.sharepoint.com/:f:/s/franconnectuniversity/Ek68UvgFXXtHj-E5SxmuhQABVYRLEsS7Qt7od4y1fC0NQQ?e=3ZfGPe
Signs Express Ltd,0011N00001xAxBaQAK,
Ladybird Academy,0011N00001xuOfjQAE,
Narellan Pools,0011N00001yvm2qQAA,
Craveable Brands,0011N00001ywJbUQAU,
Aramark,0011N00001ywSEBQA2,
Hog's Breath Cafe,0011N00001ywSOUQA2,
Sushi Sushi,0011N00001ywUgzQAE,https://francon1062.sharepoint.com/:f:/s/franconnectuniversity/EkhziXMWh4xEk32FKsdrXocB_Bb4eV7h-HMlU0r7uotPuA?e=bJapK8
Laser Clinics Australia,0011N00001ywUkAQAU,
Shoot 360,0011N00001yxkO6QAI,
Nutrishopusa,0011N00001yxkXOQAY,https://francon1062.sharepoint.com/:f:/s/franconnectuniversity/ElRFItN9ns9DhaWCKsqKlTwBQPb7PetX6qi3IiQeowoPcw?e=6F1RHk
Painter1,0011N00001yxkYAQAY,https://francon1062.sharepoint.com/:f:/s/franconnectuniversity/EkqzsoAqGINAgTv8QFh7CRoB0O34gHTNDgtv_jNATxHIlA?e=sAWwqu
Nick The Greek,0011N00001yxkZiQAI,
Tutu School,0011N00001yxkZlQAI,https://francon1062.sharepoint.com/:f:/s/franconnectuniversity/Em9L8dwzFjFBjX8Vuk5QywgBIBhkYxNA15sQA18M-DxRdw?e=6zPcUF
Mad Mex,0011N00001yy37wQAA,https://francon1062.sharepoint.com/:f:/s/franconnectuniversity/ErwWTZJVoxRMgh70c-Fl06MBX_xCqfK2sPaT2ueYKlVnzg?e=4Cm9N4
Anytime Fitness Uk,0013m00001zQRhrAAG,https://francon1062.sharepoint.com/:f:/s/franconnectuniversity/Ehx8IzqjHI9At9BmeupE7sABqrU9rLLUOJgYJPhhzB6yOA?e=7XV0jD
Donutnv,0013m00001zQqBNAA0,
BurgerFuel,0013m00001zRMOdAAO,https://francon1062.sharepoint.com/:f:/s/franconnectuniversity/Emh-yXpsEFNJreBTtWqScVwBHQ-iBkfDtgiLr5kNF0FHLw?e=a6W14R
Velvet Taco,0013m00001zRXuRAAW,https://francon1062.sharepoint.com/:f:/s/franconnectuniversity/Emk7X8ynwxlNmKJuQUNiqq0B_qIjWFLBwAhLD1QJ9h3wpg?e=CtrNOb
United Petroleum,0013m0000231xdNAAQ,
Caring Transitions,0013m000023UWThAAO,https://francon1062.sharepoint.com/:f:/s/franconnectuniversity/EufcpmqUDFRPk7JC8y6__gsBEOmhUsIr3vtG3yPtHq9vcA?e=qloMaQ
Salad Collective dba Mad Greens,0013m000023UdTCAA0,
Bodybar Fitness,0013m000023n1dFAAQ,
Escapology,0013m0000246PxQAAU,https://francon1062.sharepoint.com/:f:/s/franconnectuniversity/EiAeyAehMuxNoJ4FKueJubAByhE8S7sGg434pa9L_1auhw?e=VNcjI3
The Source Bulk Foods,0013m000024tzmHAAQ,
Restopros,0013m000024uX7qAAE,https://francon1062.sharepoint.com/:f:/s/franconnectuniversity/Eh8qDDtyEeJDuwZ2W8H3QbsBnaQw11qtPvlTEmLyYPYqlA?e=B8Jqgi
Imo's Pizza,0013m000024vJNaAAM,https://francon1062.sharepoint.com/:f:/s/franconnectuniversity/Esna7rSHjSZHrEElGIiB800B_xo9KadoPRhmokCNfrD_4g?e=8ENEOI
Smash Brothers (Crushr),0013m000024vgVsAAI,
Mosquito Authority,0013m000024vqI4AAI,https://francon1062.sharepoint.com/:f:/s/franconnectuniversity/EooIa6zPZpBKurdq074dOrgB9BgEnElx3vyHitsQGq-GLw?e=FNlrMZ
Brightstar Care,0013m000025ouJ8AAI,
Urbane Cafe,0013m000025ouKSAAY,https://francon1062.sharepoint.com/:f:/s/franconnectuniversity/EudTaqvXajtPnHBWAjplHnIBY8d5Ut_jMf9vlgt0UAvzjw?e=ieO4hP
Denny's,0013m000025ouOfAAI,
Homewell Senior Care,0013m000025ovUYAAY,
Interstate Batteries Distributor,0013m000025ovYvAAI,
Planet Fitness,0013m000025ovfwAAA,
PuroSystems (dba PuroClean),0013m000025qClAAAU,
Confie,0013m000025qNY6AAM,
The Dripbar,0013m000027FBOiAAO,
Iron Valley Real Estate,0013m000027HAtdAAG,https://francon1062.sharepoint.com/:f:/s/franconnectuniversity/IgCc60-koPTsQq1b-8bW3zlNAViJutZT9y6u57sO53iWszc?e=ThdDYf
Qc Kinetix,0013m0000296TTlAAM,https://francon1062.sharepoint.com/:f:/s/franconnectuniversity/Ege3Nny0ptZKkfbafoj7soEBbr5EXOEiaChEUFbXsvXkNA?e=90ZaMh
Think Huntington,0013m0000296dQwAAI,
Heyday Skincare,0013m00002CbZIxAAN,
Kava Culture Kava Bar,0013m00002CboT9AAJ,https://francon1062.sharepoint.com/:f:/s/franconnectuniversity/EjpS5ttWH7dJnasgrg4Xo34BHxb_22bJMbXiLrze227z6w?e=FfoVFq
Access Garage Doors,0013m00002Enqf2AAB,
H&H Bagels,0013m00002Fx8ToAAJ,
Serotonin Enterprise Llc,0013m00002IDdnYAAT,https://francon1062.sharepoint.com/:f:/s/franconnectuniversity/EuQ0C6JF675DlcjpSnjlr_8BwDT3CvMNWPG6ZYhX7ZB05Q?e=QcOZmw
Bitty & Beau's Coffee,0013m00002IEKxzAAH,
Maple Bear,0013m00002IEdQtAAL,https://francon1062.sharepoint.com/:f:/s/franconnectuniversity/Epg73mQH1xVBk_QxN1TbfRUBf0rn2QHWdmMJxuolNBdGOQ?e=1yvWZG
Mike Holmes Inspections,0013m00002JGBsbAAH,https://francon1062.sharepoint.com/:f:/s/franconnectuniversity/EkVwjqx7DxVMjJKiNUsxyHYBfroRZhyUVCAcq6lYzZL1gQ?e=Ip1yVc
Aimbridge Hospitality LLC,0013m00002JGeCLAA1,
Inter-State Studio & Publishing Co.,0013m00002JHGwFAAX,
Big Chicken,0013m00002Mba0YAAR,
Next Step Franchising (Clean Franchise Brands),0013m00002MbiipAAB,
Live Hydration Spa,0013m00002OdMykAAF,https://francon1062.sharepoint.com/:f:/s/franconnectuniversity/Ep-nKlwFfCBOkH7dnY6P5IkBlIf1jEk2leqBwU04yECItg?e=7nTFi7
Starbird Chicken,0013m00002Og5OlAAJ,
Southern Classic Chicken,0013m00002Og5RuAAJ,https://francon1062.sharepoint.com/:f:/s/franconnectuniversity/Eiu_DFym4_1DppqWiUM35YEBCLGBdl6cOOiQibEEAC9-NA?e=xw9Xh7
Smalls Sliders,0013m00002OglPtAAJ,https://francon1062.sharepoint.com/:f:/s/franconnectuniversity/EjA3U_PUAldHvK_6A8cM6mIBRf14hq0_VcF47_EZNuYmbg?e=yvOUA4
Ellie Mental Health,0013m00002PdfrDAAR,https://francon1062.sharepoint.com/:f:/s/franconnectuniversity/Eu6uA4JhwVhDkTNthlqWYnsB-oJIU_30DtWP4Q-fl2_NTg?e=H6wwwh
Kidstrong,0013m00002QznmcAAB,https://francon1062.sharepoint.com/:f:/s/franconnectuniversity/Ekh1JY18AjBIuF5UBBKzzcoBUT-EDQsuTTlV9SLFYZ1HoQ?e=38yTZf
Wing Snob,0013m00002SHsgWAAT,
Curry Pizza House,0013m00002SJJQTAA5,https://francon1062.sharepoint.com/:f:/s/franconnectuniversity/ErDRhvjwFIdNkaMdmufTTX8BtA3Lw2bUZT-36_7Z9lMudg?e=FPvUWb
Bosch,0013m00002SZOgeAAH,https://francon1062.sharepoint.com/:f:/s/franconnectuniversity/EnUjdRsi4PNCkhqtehvFkdIBZUR9ZQAyrH7yy22hdC8tHg?e=rvctNx
Propelled Brands,0013m00002SZhnSAAT,https://francon1062.sharepoint.com/:f:/s/franconnectuniversity/EoyjdX0Gvy1LifTjKRAlk6EB-4qy8wRRfFk8p0ZeFAj-AQ?e=y2x72L
Happinest Brands,0013m00002XMXyZAAX,
Sweathouz,0013m00002XPVVMAA5,https://francon1062.sharepoint.com/:f:/s/franconnectuniversity/Ej2cJn-tkypPgV4FrCUz2S4B6LCkupkepEsbOd7h7mAVeQ?e=4lvX8D
ClusterTruck,0013m00002ZA2WSAA1,https://francon1062.sharepoint.com/:f:/s/franconnectuniversity/ElA_d6k2bNtIjbzyZ4TBJ-oBE5zYHyq0ptIlouRYPnPAUw?e=R5m8oa
Sip Fresh,0013m00002ZABQ6AAP,https://francon1062.sharepoint.com/:f:/s/franconnectuniversity/EuaYH2jR8BlFrlu3ZNrbazkBs_Kop_Ligwu_rSYlC6RQKw?e=RZcOib
The Designery (A1 Kitchen and Bath),0013m00002ZBDe8AAH,
Hawaiian Bros,0013m00002b1ElgAAE,
Buona Restaurants,0013m00002b3svdAAA,https://francon1062.sharepoint.com/:f:/s/franconnectuniversity/EuwrhS8NlthDmv_bNL3GbGwBMRMNY-A-9ExRizqmzuWtFQ?e=XaFyEg
FSC Franchise Company,0013m00002dJdiDAAS,https://francon1062.sharepoint.com/:f:/s/franconnectuniversity/Evzd5SKQkS5NkS5Tu7tEGTEB0AswIFq-ril5u2FcZCpcNg?e=SxHcvS
Area 15 Ventures LLC,0013m00002dJeChAAK,
Pizza Rock,0013m00002fUQ4PAAW,https://francon1062.sharepoint.com/:f:/s/franconnectuniversity/EqQWlOzTkG5HjHVgt4PrLxMBtkTBnS9b6Npsa9SPACqucA?e=toaNmS
Far & Dotter,0013m00002fVl4mAAC,
Relive Health,0013m00002fWNjtAAG,https://francon1062.sharepoint.com/:f:/s/franconnectuniversity/Eqt125iWE-pGhATZdRvNpf0Bvnk5GiCLB4oJ9l0DxP1buA?e=3TajU9
Lancaster Cupcake,0013m00002fWQI1AAO,https://francon1062.sharepoint.com/:f:/s/franconnectuniversity/EvWYjkbJslJHq98S696ex2ABo6QsuixKfG6cuCU5fMcvrA?e=o3ylBM
Snooze Mattress,0013m00002hqnLkAAI,https://francon1062.sharepoint.com/:f:/s/franconnectuniversity/Eqp2SsRR-dhDkFuW9Evq3HMBCbClN3tNyuCrUIXLyglG_w?e=k3boIV
Five Iron Golf,0013m00002hrDLaAAM,https://francon1062.sharepoint.com/:f:/s/franconnectuniversity/EngK2H6Yn51BlaxqFrUIQeABooNQUDuhEzOWFP6_kcXJfw?e=rPfNDz
"Life Saver Franchising, Inc",0013m00002hs9ZlAAI,https://francon1062.sharepoint.com/:f:/s/franconnectuniversity/Eh6UI9o46gRDvguWG3HHbQUBiV1DsYdBzUWM-7wwF-sdVA?e=FeQa76
Vicious Biscuit,0013m00002j8NLZAA2,https://francon1062.sharepoint.com/:f:/s/franconnectuniversity/EuztNOw-66VKkHEfWjP0kA0Bkm4YJ_lH35Fz8MUlLs7Igg?e=c17Vus
Stena Group LLC,0013m00002j8pXVAAY,https://francon1062.sharepoint.com/:f:/s/franconnectuniversity/Eq7x1eON375Pvy6stdOhJocBNRtpz3SgXNFml2DLuFSn7Q?e=ci0p4N
ETS Performance,0013m00002j9QI2AAM,https://francon1062.sharepoint.com/sites/franconnectuniversity/Shared%20Documents/Forms/AllItems.aspx?id=%2Fsites%2Ffranconnectuniversity%2FShared%20Documents%2FTraining%20Video%20Archive%2FETS%20Performance&viewid=1c49f1ef%2D5f30%2D4e9a%2Da834%2D74855ff7
McLane Foodservice,0013m00002j9o7xAAA,
Nando’s South Africa and Licenced Markets,0013m00002jArmDAAS,
APCO,0013m00002jArnnAAC,
Miss Maud,0013m00002jArnpAAC,
PFD Foods,0013m00002jAro3AAC,
InstantScripts Pty,0013m00002jAro6AAC,
Supplement King Canada,0013m00002jAro7AAC,https://francon1062.sharepoint.com/sites/franconnectuniversity/Shared%20Documents/Forms/AllItems.aspx?ct=1655224963248&or=Teams%2DHL&ga=1&id=%2Fsites%2Ffranconnectuniversity%2FShared%20Documents%2FTraining%20Video%20Archive%2FSupplement%20King&viewid=1c49
Adairs,0013m00002jAro8AAC,
Boardriders,0013m00002jAro9AAC,
UNIQLO,0013m00002jAroCAAS,
Clear Skincare Clinics,0013m00002jAroEAAS,
Studio Pilates,0013m00002jAroIAAS,
Fone King,0013m00002jAroNAAS,
The Groove Train,0013m00002jAroOAAS,
We Are Kinetic,0013m00002jAroRAAS,
Accent Group,0013m00002jAroWAAS,
TEEG,0013m00002jAroZAAS,https://francon1062.sharepoint.com/:f:/s/franconnectuniversity/EtlhsOhGWUJItQzHsJRZ6JIBngcsTwqMMQLqTPH1Kck_NA?e=YK0ibv
On Deck Concepts,0013m00002jArocAAC,
Bendon,0013m00002jAronAAC,
Lincraft,0013m00002jArooAAC,
Hungry Jack's Pty Ltd,0013m00002jArouAAC,https://francon1062.sharepoint.com/:f:/s/franconnectuniversity/EuJrYETaaGtBrOkZVvNuLgAB-XB1VP4ep-Ue32BtMAvr7A?e=eTbArl
Best & Less,0013m00002jArp7AAC,
Greyhound Australia,0013m00002jArp8AAC,
Capella Hotel Group,0013m00002jArp9AAC,https://francon1062.sharepoint.com/:f:/s/franconnectuniversity/EuTp7Bi9NcZHiNLBmVC08TIBDhLxP9rX3IgOWMKtPBn99w?e=RcuIKF
Burson Auto Parts,0013m00002jArpDAAS,
Boss Group,0013m00002jArpEAAS,
Mister Minit AU,0013m00002jArpFAAS,
ASICS America Corporation,0013m00002jArpRAAS,
Storage King,0013m00002jArpSAAS,
YMCA Whittlesea,0013m00002jArpiAAC,
Kurrajong,0013m00002jArpmAAC,
Snooze,0013m00002jArpvAAC,https://francon1062.sharepoint.com/sites/franconnectuniversity/Shared%20Documents/Forms/AllItems.aspx?id=%2Fsites%2Ffranconnectuniversity%2FShared%20Documents%2FTraining%20Video%20Archive%2FSnooze%2FTraining%20Sessions&sortField=LinkFilename&isAscending=f
Ally Fashion,0013m00002jArpzAAC,
Bubba Pizza,0013m00002jArq6AAC,
Dome Cafe Group,0013m00002jArq7AAC,
Bay Audio,0013m00002jArqCAAS,
Walker's Doughnuts,0013m00002jArqDAAS,
Zarraffa's Coffee,0013m00002jArqgAAC,https://francon1062.sharepoint.com/:f:/s/franconnectuniversity/Eq_eWNkKCNdKs4Fbnlk3qL4BTEa71n9zhJk9GRYenBSmSg?e=oWBvkM
Vantage Fuels,0013m00002jArr1AAC,
Amart Furniture Pty,0013m00002jArr8AAC,
Conquest Sports,0013m00002jArrBAAS,
Southern Cross Protection Pty. Ltd.,0013m00002jArrHAAS,
Grill'd Healthy Burgers,0013m00002jArrJAAS,
Body Catalyst,0013m00002jArrLAAS,https://francon1062.sharepoint.com/:f:/s/franconnectuniversity/EoXivEbI1zJNhkX6ULwYb7oBa68XuuAwKjLDmSLl7VRtNg?e=wdo3O3
Kangaroo Bus Lines,0013m00002jArrMAAS,
Burrito Bar,0013m00002jArrNAAS,
Spudshed,0013m00002jArrRAAS,
Joe's Garage,0013m00002jArrSAAS,
Honey Birdette,0013m00002jArrVAAS,
Tamex Transport,0013m00002jArrXAAS,https://francon1062.sharepoint.com/:f:/s/franconnectuniversity/EtCCIVOVS9tGp2EiB09e_bsBKW3rrp5QnMpyKYktj8Oc0A?e=l8hpMF
Global Retail Brands,0013m00002jArreAAC,
The Lynch Group,0013m00002jArrkAAC,
Foxtel,0013m00002jArrnAAC,
TradeTools Pty,0013m00002jArrsAAC,
ProVision Eyecare,0013m00002jArruAAC,https://francon1062.sharepoint.com/:f:/s/franconnectuniversity/IgD61hQBuoQVQ5HpSoGEsLzaAV6_wb2knYD475pLZovtL-s?e=6NTwgh
Home Timber & Hardware Group,0013m00002jArrvAAC,
Greencross Pty Limited,0013m00002jArrwAAC,
Physio INQ,0013m00002jArs8AAC,
Salamander Hotels & Resorts,0013m00002jArsAAAS,
Postie+,0013m00002jArsCAAS,
Endota,0013m00002jArsmAAC,
Jaycar Pty,0013m00002jArtHAAS,
Essential Beauty,0013m00002jArvHAAS,
Lovisa Australia,0013m00002jArvKAAS,
The Sydney Collective,0013m00002jArvMAAS,
Concept Eight,0013m00002jAs3sAAC,
Gregory Jewellers,0013m00002jBhmwAAC,
Wild Wing,0013m00002jCHpNAAW,https://francon1062.sharepoint.com/:f:/s/franconnectuniversity/EtOySCVvFMFNqJSEEVeT2SoBJSIu-oCmmRPtsoZZ6jcPfA?e=02kLsz
The Little Gym Europe,0013m00002mvCxGAAU,https://francon1062.sharepoint.com/:f:/s/franconnectuniversity/Eub2fwXrsFpKv6iILE5060ABEfaJht0E8gW3L5Lv9kXPLA?e=vFS19f
Fuse Franchising Inc.,0013m00002mvjJQAAY,https://francon1062.sharepoint.com/:f:/s/franconnectuniversity/EgfNIR12IYhHld8q2vq0nsABJ1lypXrm5Vg1Ni5HyH3eWg?e=j6r5D4
Extraordinary Brands,0013m00002mw6CcAAI,https://francon1062.sharepoint.com/:f:/s/franconnectuniversity/Emt6TCNBsJxPj7ednB8Mfv0BB4SYbbyxwVefH1jNiMwQRA?e=WaEQT8
Restore Hyper Wellness,0013m00002mwoD1AAI,https://francon1062.sharepoint.com/:f:/s/franconnectuniversity/EsmIV0nc1sBKnhNCKi4PblIBN1jbPFrhFKkHi2YFofYobg?e=tZPWtJ
Signature Homes,0013m00002rP9PdAAK,
Bapcor,0013m00002rP9PpAAK,
Hairhouse,0013m00002rP9PrAAK,
Sharetea Australia,0013m00002rP9Q9AAK,
Auto One Australia,0013m00002rP9QGAA0,
Cash Converters,0013m00002rP9QfAAK,
Salsa's,0013m00002rP9QjAAK,
Boost Juice International,0013m00002rP9QkAAK,
Banjo's Bakery Cafe,0013m00002rP9QrAAK,
Shaver Shop,0013m00002rP9WPAA0,
Betty's Burgers,0013m00002rP9irAAC,
Phoenix Franchise Brands,0013m00002rPdoWAAS,https://francon1062.sharepoint.com/:f:/s/franconnectuniversity/Ek0hQ9i8fkVAma1p8rFWi1kBoUZJVCcpWC_JC_CCYxi7gA?e=dqds4j
C!NC,0013m00002rQed7AAC,
Pickerings Group of Companies,0013m00002rQedGAAS,https://francon1062.sharepoint.com/sites/franconnectuniversity/Shared%20Documents/Forms/AllItems.aspx?id=%2Fsites%2Ffranconnectuniversity%2FShared%20Documents%2FTraining%20Video%20Archive%2FPickerings&sortField=LinkFilename&isAscending=false&viewid=1c49f1
Plaza Premium Group,0013m00002rQedHAAS,
Takagi Ramen,0013m00002rQedMAAS,
Ultraceuticals,0013m00002rQedRAAS,https://francon1062.sharepoint.com/:f:/s/franconnectuniversity/EmE1prvklGdOiuw7CA-ajn0BnEiBbhpq5B1pfkG2_oDL_w?e=ID6lPj
X Convenience,0013m00002rQedSAAS,
D'Albora Marinas (MA Marina Fund),0013m00002rQei1AAC,
Fantastic Furniture Pty Ltd,0013m00002rQei4AAC,https://francon1062.sharepoint.com/:f:/s/franconnectuniversity/EjFzybKg1qxFsT-C7fFElVQB6pCADx6FghxEIiuN7Y5KRw?e=v5EhgL
Goodyear Australia,0013m00002rQei5AAC,
Hanes Australasia,0013m00002rQei6AAC,
Lotte Duty Free,0013m00002rQei7AAC,
Sussan Group,0013m00002rQei8AAC,
Wind Creek Hospitality,0013m00002tLKO5AAO,
Academy Sports + Outdoors,0013m00002tLKPIAA4,
Bluegreen Corporation,0013m00002tLKR7AAO,
Atc Healthcare Services,0013m00002tLKdRAAW,https://francon1062.sharepoint.com/:f:/s/franconnectuniversity/EsC383vKUEJImCpAS5brBKUB2THZHRIW9V7ljsWgSdQJcg?e=E4fpA9
The Breakers,0013m00002tLL43AAG,
X Golf,0013m00002tLL4eAAG,
Abm,0013m00002tLL9aAAG,https://francon1062.sharepoint.com/:f:/s/franconnectuniversity/EpSqvWidqpRFgTEH4EwjroEBB4mYJ7CKeoseHI1vGhPqXg?e=lBQwMI
"Temp Wall Systems, LLC",0013m00002tLLD5AAO,
Smile Doctors LLC,0013m00002tpDgBAAU,
Wonderly lights,0013m00002tpIcEAAU,
The Haven Collection,0013m00002tsQc7AAE,https://francon1062.sharepoint.com/:f:/s/franconnectuniversity/EpfE3T-j5UtEimXDRMz_6n8BPR_IxIFaUjlJ2tEUjuZybA?e=WgHC1D
Out West RG,0013m00002tshV9AAI,
Futuresleep,0013m00002wg6OiAAI,
Sigma Healthcare,0013m00002wg6SGAAY,
Atrium Hospitality,0013m00002wgFTBAA2,
Alquemie Group,0013m00002wh1vYAAQ,
Tahua Partners,0013m00002wh1vfAAA,
Premium Service Brands,0013m00002wh1zQAAQ,https://francon1062.sharepoint.com/:f:/s/franconnectuniversity/EjDU0xFm4k1Ij6LgKprCqmYBo4ozIzIx7bdGwDrzlpkCdg?e=YZVglY
Mathnasium Learning Centers,0013m00002wh22xAAA,https://francon1062.sharepoint.com/:f:/s/franconnectuniversity/Es8XXsSxN7VOhPbbNcZxXuUBMyMKss_tMzFl3Dk8ho43GA?e=5MMqC3
Bin There Dump That,0013m00002wh22zAAA,https://francon1062.sharepoint.com/:f:/s/franconnectuniversity/EjFJQSHofApHgwQOAjZAqCwBo3n9oO8ewFmIWVQQL3bR8w?e=xsTTrn
Bonchon Chicken,0013m00002wh24wAAA,https://francon1062.sharepoint.com/:f:/s/franconnectuniversity/Emstg2nK2EhMpQyjO00ceywBt1hTmrmKbqAg9288B81DeA?e=EanJtD
"Orangetheory Fitness (Ultimate Fitness Group, LLC)",0013m00002wh2AkAAI,https://francon1062.sharepoint.com/:f:/s/franconnectuniversity/En9nLO6mm-JOhEvr2Ng83r0BprbYxLQLHUC2-aITEiGb7A?e=ldGhew
Ziebart,0013m00002wh2AxAAI,https://francon1062.sharepoint.com/:f:/s/franconnectuniversity/Eq7-qe2W1UJNiKZYoKnf0tQB49JUkpvTwLbxv5-QabSpjw?e=Q2zcgu
Zaxby's,0013m00002wh2EOAAY,https://francon1062.sharepoint.com/:f:/s/franconnectuniversity/EnUZfjk8rm1GsjdjbObk4f8BOeIrBLuL1V2qJnXLp1b3uA?e=yiCho3
Starbucks Coffee Company,0013m00002wh2HhAAI,
Loob Holding,0013m00002wh2KkAAI,
KX Pilates,0013m00002wh2LlAAI,https://francon1062.sharepoint.com/:f:/s/franconnectuniversity/ElsCyZlIZ6pEtfA_zR0u7_UBkZs9a5z3FkAqBJODmA5IKQ?e=y0382I
The Jewellery Group,0013m00002wh2NYAAY,
Vivo Hair & Beauty,0013m00002wh2RbAAI,
Christian Brothers Automotive,0013m00002wh2UfAAI,https://francon1062.sharepoint.com/:f:/s/franconnectuniversity/Et819vu87IhFjdEtxHyaqQUBV2WunQGwCZAb-P8K1IALtA?e=dXLwYy
Hertz,0013m00002wh2ZYAAY,https://francon1062.sharepoint.com/:f:/s/franconnectuniversity/Ek2r4OySjBdHgiz_G657eWgBU0XiuGrvwT1_14I5pZNlyQ?e=Ebc3iW
Anytime Fitness New Zealand,0013m00002wh2iVAAQ,https://francon1062.sharepoint.com/:f:/s/franconnectuniversity/EpiVCvbn0nNIhr8lLVxlNxcB6F54te9c1HNiqCWUrrSLJg?e=Mdi49l
TCB Franchising,0013m00002yRkqRAAS,
Wagbar Franchising LLC,0013m00002yrLSiAAM,https://francon1062.sharepoint.com/:f:/s/franconnectuniversity/Et3BmWoNOf1NgpmrlCtT0akBkbrfmkVg_ddAm23dtJv7zg?e=Gw30iy
Cornerstone Caregiving,0013m00002ys6wrAAA,https://francon1062.sharepoint.com/:f:/s/franconnectuniversity/Eq3nFaWmZ4NKpAPK8SdZRXsBxmC-b9QRY88UnQ-i0AmQzw?e=tnkLwg
The Picklr,0013m00002ythu4AAA,https://francon1062.sharepoint.com/:f:/s/franconnectuniversity/ElBpv1ccYtVGqfJlXD1mZ84B3lDkWVE_bE-qJKSUG1iCZA?e=vhdvdM
Movita Juice Bar,0013m000034vjR4AAI,https://francon1062.sharepoint.com/:f:/s/franconnectuniversity/EvKcCwZHHndPrVjfuR8HffkB9QLbVNGpqsdvWGp84uwFYQ?e=q9FiZW
PetSmart,0013m000034vnrLAAQ,https://francon1062.sharepoint.com/sites/franconnectuniversity/Shared%20Documents/Forms/AllItems.aspx?id=%2Fsites%2Ffranconnectuniversity%2FShared%20Documents%2FTraining%20Video%20Archive%2FPetSmart&viewid=1c49f1ef%2D5f30%2D4e9a%2Da834%2D74855ff74e36
Nation's Giant Hamburgers,0013m000034voQSAAY,https://francon1062.sharepoint.com/:f:/s/franconnectuniversity/ElmF4pwUl79FhIfIX23naNUBsD-n5QGS7udpwzGYZYkmYg?e=lS5in6
Youth Enrichment Brands,0013m000034w9RRAAY,
Ginger Ale's,0013m000034wVzUAAU,https://francon1062.sharepoint.com/:f:/s/franconnectuniversity/EkHSc2FE3HZLv8C0cTaZpEoBVybM0LHa0lvEIObC2V5iLA?e=ihgPaO
Univista Insurance,0013m0000386ixGAAQ,https://francon1062.sharepoint.com/:f:/s/franconnectuniversity/EicpTd-_bMtIpucIfVqHJ4QBb8NUpVyksrnvobm1S2Yrfg?e=C2u67Q
Content Recovery Specialists,0013m0000386n0QAAQ,https://francon1062.sharepoint.com/:f:/s/franconnectuniversity/EqxpfD9t2HZOgFIyvyU9EHwBjBRbVXxrBzt4luXdWEm7Vw?e=hJQGnJ
Yogurtland Franchising,0013m0000387PcrAAE,
British Swim School,0013m0000387RSQAA2,
Al Aseel,0013m0000387S2dAAE,https://francon1062.sharepoint.com/:f:/s/franconnectuniversity/Eozkbt-0UEBEsQd_ygxL9IkBvLhoet2H7jJrx3NfKQstXQ?e=gJ0Wgw
Our Town Hospitality,0013m0000387SCkAAM,
Sodexo - United States,0013m0000387U5cAAE,
Apple Spice,0013m0000387WjrAAE,
Dickey's Barbecue Restaurants,0013m0000387WkxAAE,https://francon1062.sharepoint.com/:f:/s/franconnectuniversity/Egsf0M4cj5FDnA_U6wmuV1UBZOTQMnHjLTxx0khTVoXYXw?e=91WdRc
CIBO Espresso,0013m0000387WoeAAE,
Green + The Grain,0013m0000388AfiAAE,https://francon1062.sharepoint.com/:f:/s/franconnectuniversity/EsGAWkHIxt9Lqc9ZzQr32cAB3okFzZvXmIzhr7rM6FH1tQ?e=sb6Uf8
Naz's Halal Food,0013m000039qRXUAA2,https://francon1062.sharepoint.com/:f:/s/franconnectuniversity/Ei1IIorEemlKjPUxH1IIOJoB9lZboOxNQi4mRpCgwqY9Tg?e=KoSxlc
Accurate Leak and Line,0013m000039r8P2AAI,https://francon1062.sharepoint.com/:f:/s/franconnectuniversity/EgtEBYwvEh9ElJK1e5_3sXQBVFeb4zWcSKIASb6XMnlRsQ?e=8dykN4
Do The Beach,0013m00003AssoJAAR,https://francon1062.sharepoint.com/:f:/s/franconnectuniversity/EozW1Vm1iWRPum87rz1czV0Bri_hJv7fLfYBBlyUfDh5ig?e=8ZaHKn
"HomeSmiles Franchising, LLC",001Uh000000pHbVIAU,https://francon1062.sharepoint.com/:f:/s/franconnectuniversity/EoN9zsPlyaBDj28htwlMd_MBBsf1lleA9hpxbbMqOk-jQQ?e=LWu2cQ
Onyva,001Uh000001MkRqIAK,https://francon1062.sharepoint.com/:f:/s/franconnectuniversity/EvOyNMM5Lh5BuwRcjC8sJpYBhWnx-mwE1ECKuDz6_QWMTA?e=Ahngg5
Jeff's Bagel Run,001Uh000002gwhdIAA,https://francon1062.sharepoint.com/:f:/s/franconnectuniversity/Eqau3i-vl9FPmo2lCB-uWr4Beheq2gd5sHTDVXQ8BYg7nA?e=DdTf9D
Refine Med Aesthetics,001Uh000002vUMsIAM,
Integrity Building Companies,001Uh0000041FKZIA2,https://francon1062.sharepoint.com/:f:/s/franconnectuniversity/EtCUMY_ub3RJjYu3OB2k1woBONATf0I1GsotGTltzfgfeA?e=QCf6hV
Eversmith Brands,001Uh0000058jumIAA,https://francon1062.sharepoint.com/:f:/s/franconnectuniversity/ElzxCB58k6ZAiNCCuXu_ss8BiNAV_vWboGGO7_hZhJbPUg?e=daWWMZ
Parlor Doughnuts,001Uh000005I7g5IAC,https://francon1062.sharepoint.com/:f:/s/franconnectuniversity/Eg0dag9Ctk1IiDAyKDzeFHQBWbRBevJs5s_L_tdkCeCDgA?e=R7trpa
Luby's Culinary Services.,001Uh000005tLtpIAE,
ASI Food Safety Consultants,001Uh000005tb7MIAQ,
Seaside Healthcare,001Uh000005tdHFIAY,
Campbell Soup,001Uh000005tdZ2IAI,
National Association of Insurance and Financial Advisors,001Uh000005tdh0IAA,
Fury Water Adventures,001Uh000005tfpJIAQ,
Tito's Handmade Vodka,001Uh000005tgDTIAY,
Oberoi Hotels & Resorts,001Uh000005tl9vIAA,
CoreCivic,001Uh000005tlzYIAQ,
Peco Foods,001Uh000005trlbIAA,
SCS Global Services,001Uh000005trwvIAA,
Crown Linen,001Uh000005ttc7IAA,
Smithfield Foods,001Uh000005vMU6IAM,
National Cities Corporation,001Uh000005vp30IAA,
SafeCheck Brand Protection,001Uh000005w0T6IAI,
Frank Pepe Pizzeria Napoletana,001Uh000005wAh0IAE,
Sodexo - Belgium,001Uh000005wRDAIA2,
South Carolina Department of Health and Environmental Control,001Uh000005wTzlIAE,
Sodexo - Government Services,001Uh000005wV71IAE,
Sodexo - Netherlands,001Uh000005wbSYIAY,
The Citadel,001Uh000005wde4IAA,
Great Lakes Cheese Company,001Uh000005wf7xIAA,
The Original Consulting Co,001Uh000005wgLmIAI,
SGS Germany GmbH,001Uh000005wiozIAA,
Concept99,001Uh000005wj6kIAA,
Nivek Services (1800 Textiles),001Uh000006e1JiIAI,https://francon1062.sharepoint.com/:f:/s/franconnectuniversity/ElfhBJzYJTZKq9LHJ5FkbqgBpTyFjlFJd0DHOnvyfB9e1g?e=YnnwYr
Chatime US,001Uh000007A3n4IAC,https://francon1062.sharepoint.com/:f:/s/franconnectuniversity/EjoJqqa7AoZHrgXT-6XC-VgBza3ECYR3AVE-9YhXfpjOrw?e=7wuJjx
SkyWest Airlines,001Uh0000084NZRIA2,
Success Tutoring,001Uh000008Iht8IAC,https://francon1062.sharepoint.com/:f:/s/franconnectuniversity/EtVJP8W6eihGiEAquGpmzhkB0BS8l3ZjCPz3jD8KDN5AWA?e=uYn5Kj
Wildsoul Wellness,001Uh000008IxbLIAS,https://francon1062.sharepoint.com/:f:/s/franconnectuniversity/EoATT2tMnUNOucvv8vSfVT8BtXndb39TI3KKcaJ6CLMtWw?e=68DAgC
Panda Hot Pot,001Uh000009NVHFIA4,
Jabal Coffee,001Uh000009YsX4IAK,https://francon1062.sharepoint.com/:f:/s/franconnectuniversity/EuxD-XA7g5FOt-YJPeKGVqEBudTBsuRZHuSFbH37PeT6dA?e=I9tdZx
Juici Patties Jamaica,001Uh000009bqkCIAQ,https://francon1062.sharepoint.com/:f:/s/franconnectuniversity/Eg8i9LbrAphHvpHJIhu_Ig8BylyifWlEUTGD1C20o6_G6Q?e=hY5NTg
Castle Rock Hormone Health,001Uh00000AMto7IAD,https://francon1062.sharepoint.com/:f:/s/franconnectuniversity/EhvgHyRtPj1KrIUEF7ieNYIBhXrLOTfTUW0GkzfnX-FM-w?e=nNqKPl
Blue Sage,001Uh00000C28DtIAJ,https://francon1062.sharepoint.com/:f:/s/franconnectuniversity/En0AXtqpeeZPkBNE-YprE0QB3khkWIRIHRveKoJy6jw8Ig?e=ddrupp
Applebee's Franchisees (under Dine),001Uh00000CZylZIAT,
IHOP Franchisees (under Dine),001Uh00000CZzcnIAD,
Anderson Longevity Clinic,001Uh00000ESjgUIAT,https://francon1062.sharepoint.com/:f:/s/franconnectuniversity/EqY1xLAqc8RIuYYGw2O7Np8BgCFvo20r9R6q-sWtovjofA?e=ZvnUOT
Little Diggers Play Space,001Uh00000EmFRPIA3,https://francon1062.sharepoint.com/:f:/s/franconnectuniversity/EigRY-F-do1MovAJfdVEcPABWNaOncDzarNvstl7Ea1R5g?e=xaN9gA
Bardell Holdings,001Uh00000FnNyvIAF,https://francon1062.sharepoint.com/:f:/s/franconnectuniversity/Em35rY08IcJMpmaW04BU5lMBPPHE-sVe067GlGAG8nDxGQ?e=hdl5gA
EL&N London,001Uh00000GV575IAD,https://francon1062.sharepoint.com/:f:/s/franconnectuniversity/Eqya4dMJh39Eki6HVJjNB0AB7-q-gRK6fmS1TjrbkBweJA?e=bC3F5X
Zooba,001Uh00000HjTFRIA3,https://francon1062.sharepoint.com/:f:/s/franconnectuniversity/Ep7lPMN0ntJKoObaBCQVLyEBgBwIhdawL7XfetiV0w2yGQ?e=XziJe0
Recovery Solutions,001Uh00000MSTQbIAP,
Whits Custard,001Uh00000NawbMIAR,https://francon1062.sharepoint.com/:f:/s/franconnectuniversity/Ek1VSHffe0NGiCHm1jUsKS4BN4xafabuOlxMd4x8FpgNPA?e=N04Cks
Cornerstone Franchise Brands,001Uh00000Njzi1IAB,
Constant,001Uh00000RjCvCIAV,https://francon1062.sharepoint.com/:f:/s/franconnectuniversity/Egj6wPSZEzBOl95RQNQeoOQBqdMr_iIQgCPBVNxBDASobg?e=wAalPw
P3 Recovery,001Uh00000U7KyRIAV,https://francon1062.sharepoint.com/:f:/s/franconnectuniversity/Eo29g4Z6b3dHqBB7-4hvm-0BzHnNrybku9a7XL5nA4K2rw?e=jWbLXP
Fraemohs Homes,001Uh00000VhO6rIAF,https://francon1062.sharepoint.com/:f:/s/franconnectuniversity/Ep-ccR7ia5pKujiCWFVMbkQB03EGaBjbPEd-byvrMepPTQ?e=Nqcgja
"BBQ Holdings, Inc.",001Uh00000lZHCrIAO,https://francon1062.sharepoint.com/:f:/s/franconnectuniversity/ErJ5EbRi2NVIj__N2Z9yBq8BtxB_OPNBQ1tR4B2m7EqhEA?e=zYNC8R
"Wyndham Hotels & Resorts, Inc.",001Uh00000lZHHoIAO,
"Limitless Franchise Growth, LLC",001Uh00000lhJqjIAE,
